<!doctype html>
<html xml:lang="en" lang="en" dir="ltr">

<head>
<title>Catalog A-Z Index &lt; University of Illinois at Chicago</title>
<meta http-equiv="Content-Type" content="text/html; charset=utf-8" />
<meta name="description" content="Catalog A-Z Index" />
<meta name="keywords" content="catalog a-z index" />
<link rel="search" type="application/opensearchdescription+xml"
			href="/search/opensearch.xml" title="Catalog" />
<meta name="viewport" content="width=device-width, initial-scale=1.0, minimum-scale=1.0" />
<link href="/favicon.ico" rel="shortcut icon" />
<link rel="stylesheet" type="text/css" href="/css/reset.css" />
<link rel="stylesheet" type="text/css" href="/css/courseleaf.css" />
<link rel="stylesheet" type="text/css" href="/fonts/font-awesome/font-awesome.min.css" />
<link rel="stylesheet" type="text/css" href="/css/screen.css" media="screen" />
<link rel="stylesheet" type="text/css" href="/css/handheld.css" media="only screen and (max-width: 767px)" />
<link rel="stylesheet" type="text/css" href="/css/print.css" media="print" />
<script type="text/javascript" src="/js/jquery.js"></script>
<script type="text/javascript" src="/js/lfjs.js"></script>
<script type="text/javascript" src="/js/lfjs_any.js"></script>
<link rel="stylesheet" type="text/css" href="/js/lfjs.css" />
<script type="text/javascript" src="/js/courseleaf.js"></script>
<script type="text/javascript" src="/js/custom.js"></script>

</head>



<body>




<!--htdig_noindex-->
<div class="accessible noscript">
    <div class="accessible-menu" role="navigation" aria-label="Accessible Navigation">
		<ul>
			<li><a href="#content" rel="section">Skip to Content</a></li>
			<li><a href="/azindex/">AZ Index</a></li>
			<li><a href="/">Catalog Home</a></li>
			<li><a href="http://www.uic.edu">UIC Home</a></li>
		</ul>
	</div>
</div>
<!--/htdig_noindex-->

<header id="header-new">
	<div class="wrap">
		<div class="logo-header">
			<a href="//www.uic.edu">
				<img src="/images/logo2021.png" alt="University of Illinois Chicago" />
			</a>
		</div>
		<nav class="catalog-quicklinks" aria-label="catalog quicklink">
			<button id="hamburger" aria-controls="mobile-menu" data-toggle="#mobile-menu" aria-expanded="false">
				<span class="sr-only">Toggle menu</span>
				<i class="fa fa-bars" aria-hidden="true"></i>
			</button>
			<div id="mobile-menu">
			<ul id="quicklinks">
				<li><a href="/ucat/">Undergraduate</a></li>
				<li><a href="/gcat">Graduate</a></li>
				<li><a href="#" onclick="showPrintDialog(); return false;">Print / Download Options</a></li>
			</ul>
			<div id="search" role="search">
				<form id="cl-search" action="/search/" class="clearfix">
				<label for="name">Search Catalog</label>
				<input type="text" name="search" size="25" placeholder="Search catalog..." class="searchbox" id="name" title="Search Catalog" />
				<input type="submit" value="Search" class="submit" />
<input type="hidden" name="fscaturl" value="/ucat" /><input type="hidden" name="gscaturl" value="/ucat" />				</form>
			</div><!-- end #search -->
		</div><!-- /#mobile-menu -->
		</nav>
	</div>
</header>

<!--htdig_noindex-->
<div id="header" role="header">
    <div class="wrap clearfix">
        <a href="/">
			<h1>Academic Catalog</h1>
		</a>
    </div><!--end .wrap -->
</div><!-- end #header -->
<!--/htdig_noindex-->

<!--htdig_noindex-->
<section id="banner" aria-labbledby="banner-header"
>
    <div class="wrap">




		<div class="banner-text sr-only">
			<h2 id="banner-header">UIC Catalogs</h2>
		</div>


    </div><!--end .wrap -->
</section><!--end #navigation -->
<!--/htdig_noindex-->

<div id="wrapper">

    <div id="container" class="clearfix">
        <div id="nav-col" role="complementary">
            <a id="cl-menu-control" href="#" class="togglenav">
                <span class="cl-menu-text">Catalog Navigation</span>
                <!-- <a class="cl-menu-btn" href="#">Catalog Navigation</a> -->
				<svg aria-label="Down arrow icon" width="32" height="32" viewBox="0 0 32 32" role="presentation"><title>Down arrow icon</title><g fill="none" fill-rule="evenodd"><circle class="_circle" stroke-width="1" stroke="#007Da5" fill="#fff" cx="16" cy="16" r="15"></circle><path class="_arrow" stroke-width="2" stroke="#001E62" stroke-linecap="round" d="M12 17l4 4 4-4M16 20v-9"></path></g></svg>
			</a><!--end #cl-menu-control-->
            
            <!-- Begin Regular Nav -->
            <div id="cl-menu" role="navigation" aria-label="Secondary Navigation">
<ul class="nav levelzero" id="/">
	<li class="isparent"><a href="/ucat/">Undergraduate Catalog</a></li>
	<li class="isparent"><a href="/all-course-descriptions/">All Course Descriptions</a></li>
	<li class="active self"><a href="#" onclick="return false;">Catalog A-&#8203;Z Index</a></li>
</ul>
			   </div><!--end #cl-menu-->
            <!-- End Nav -->
        </div><!-- end #nav-col -->		    
    		    
        <div id="content-col">
            <div id="content" role="main">

<div id="breadcrumb" class="clearfix" role="navigation" aria-label="Breadcrumb Navigation">
<ul><li><a href="/">Home</a><span class="crumbsep">/</span></li><li><span class="active">Catalog A-Z Index</span></li></ul>
</div><!-- end #breadcrumb -->

			<h1 class="page-title">Catalog A-Z Index</h1>



<div id="textcontainer" class="page_content">

<div class="sidebar">
	<div id="sidebar-contact">








	</div>
</div>

 <div align="center" class="azMenu">
<ul class="letternav clearfix">
<li><a href="##">#</a></li><li><a href="#A">A</a></li><li><a href="#B">B</a></li><li><a href="#C">C</a></li><li><a href="#D">D</a></li><li><a href="#E">E</a></li><li><a href="#F">F</a></li><li><a href="#G">G</a></li><li><a href="#H">H</a></li><li><a href="#I">I</a></li><li><a href="#J">J</a></li><li><a href="#K">K</a></li><li><a href="#L">L</a></li><li><a href="#M">M</a></li><li><a href="#N">N</a></li><li><a href="#O">O</a></li><li><a href="#P">P</a></li><li class="inactive">Q</li><li><a href="#R">R</a></li><li><a href="#S">S</a></li><li><a href="#T">T</a></li><li><a href="#U">U</a></li><li class="inactive">V</li><li><a href="#W">W</a></li><li class="inactive">X</li><li class="inactive">Y</li><li class="inactive">Z</li></ul>
</div>
<div id="atozindex">
<h2 class="letternav-head" id='#'><a name='#'>#</a></h2>
<ul>
<li><a href="/ucat/">2021–2023 Undergraduate Catalog</a></li>
</ul>
<h2 class="letternav-head" id='A'><a name='A'>A</a></h2>
<ul>
<li><a href="/ucat/academic-calendar/">Academic Calendar</a></li>
<li><a href="/ucat/degree-programs/academic-planning-progress/">Academic Planning and Progress</a></li>
<li><a href="/all-course-descriptions/asp/">Academic Skills Program (ASP)</a></li>
<li><a href="/ucat/course-descriptions/asp/">Academic Skills Program (ASP)</a></li>
<li><a href="/ucat/degree-programs/academic-standing/">Academic Standing</a></li>
<li><a href="/all-course-descriptions/actg/">Accounting (ACTG)</a></li>
<li><a href="/ucat/course-descriptions/actg/">Accounting (ACTG)</a></li>
<li><a href="/ucat/colleges-depts/engineering/addl-interdisciplinary-opps/">Additional Interdisciplinary Opportunity</a></li>
<li><a href="/ucat/admissions-registration-finances/admissions/">Admissions</a></li>
<li><a href="/ucat/admissions-registration-finances/">Admissions, Registration & Finances</a></li>
<li><a href="/all-course-descriptions/">All Course Descriptions</a></li>
<li><a href="/all-course-descriptions/anat/">Anatomy and Cell Biology (ANAT)</a></li>
<li><a href="/ucat/course-descriptions/anat/">Anatomy and Cell Biology (ANAT)</a></li>
<li><a href="/all-course-descriptions/anth/">Anthropology (ANTH)</a></li>
<li><a href="/ucat/course-descriptions/anth/">Anthropology (ANTH)</a></li>
<li><a href="/all-course-descriptions/ahs/">Applied Health Sciences (AHS)</a></li>
<li><a href="/ucat/course-descriptions/ahs/">Applied Health Sciences (AHS)</a></li>
<li><a href="/all-course-descriptions/arab/">Arabic (ARAB)</a></li>
<li><a href="/ucat/course-descriptions/arab/">Arabic (ARAB)</a></li>
<li><a href="/all-course-descriptions/arch/">Architecture (ARCH)</a></li>
<li><a href="/ucat/course-descriptions/arch/">Architecture (ARCH)</a></li>
<li><a href="/ucat/archive-links/">Archive and Links</a></li>
<li><a href="/all-course-descriptions/art/">Art (ART)</a></li>
<li><a href="/ucat/course-descriptions/art/">Art (ART)</a></li>
<li><a href="/all-course-descriptions/ah/">Art History (AH)</a></li>
<li><a href="/ucat/course-descriptions/ah/">Art History (AH)</a></li>
</ul>
<h2 class="letternav-head" id='B'><a name='B'>B</a></h2>
<ul>
<li><a href="/ucat/colleges-depts/business-administration/bba/">Bachelor of Business Administration (BBA)</a></li>
<li><a href="/ucat/colleges-depts/business-administration/bba/campus/">Bachelor of Business Administration (On-Campus)</a></li>
<li><a href="/ucat/colleges-depts/business-administration/bba/online/">Bachelor of Business Administration (Online)</a></li>
<li><a href="/ucat/colleges-depts/architecture-design-arts/arch/ba-arch/">BA in Architectural Studies</a></li>
<li><a href="/ucat/colleges-depts/architecture-design-arts/art-ah/ba-ah/">BA in Art History</a></li>
<li><a href="/ucat/colleges-depts/architecture-design-arts/des/ba/">BA in Design Studies</a></li>
<li><a href="/ucat/colleges-depts/education/epsy/ba-hdl/">BA in Human Development and Learning</a></li>
<li><a href="/ucat/colleges-depts/architecture-design-arts/art-ah/ba-ida/">BA in Interdisciplinary Education in the Arts</a></li>
<li><a href="/ucat/colleges-depts/architecture-design-arts/thtr-mus/ba-mus/">BA in Music</a></li>
<li><a href="/ucat/colleges-depts/architecture-design-arts/thtr-mus/b-mus-bus/">BA in Music Business</a></li>
<li><a href="/ucat/colleges-depts/public-health/ba-pubh/">BA in Public Health</a></li>
<li><a href="/ucat/colleges-depts/urban-planning-public-affairs/pa/ba/">BA in Public Policy</a></li>
<li><a href="/ucat/colleges-depts/architecture-design-arts/thtr-mus/ba-act/">BA in Theatre and Performance</a></li>
<li><a href="/ucat/colleges-depts/architecture-design-arts/thtr-mus/ba-thtr-des/">BA in Theatre Design, Production, and Technology</a></li>
<li><a href="/ucat/colleges-depts/liberal-arts-sciences/engl/ba-teachengl/">BA in the Teaching of English</a></li>
<li><a href="/ucat/colleges-depts/liberal-arts-sciences/fr/ba-teach-fr/">BA in the Teaching of French</a></li>
<li><a href="/ucat/colleges-depts/liberal-arts-sciences/ger/ba-teach-ger/">BA in the Teaching of German</a></li>
<li><a href="/ucat/colleges-depts/liberal-arts-sciences/hist/ba-teach-hist/">BA in the Teaching of History</a></li>
<li><a href="/ucat/colleges-depts/liberal-arts-sciences/hisp-ital/ba-teach-span/">BA in the Teaching of Spanish</a></li>
<li><a href="/ucat/colleges-depts/education/ci/ba-urban-edu/">BA in Urban Education</a></li>
<li><a href="/ucat/colleges-depts/urban-planning-public-affairs/upp/ba/">BA in Urban Studies</a></li>
<li><a href="/all-course-descriptions/bms/">Basic Medical Sciences (BMS)</a></li>
<li><a href="/ucat/colleges-depts/liberal-arts-sciences/anth/ba/">BA with a Major in Anthropology</a></li>
<li><a href="/ucat/colleges-depts/liberal-arts-sciences/psych/ba-applied-psychology/">BA with a Major in Applied Psychology</a></li>
<li><a href="/ucat/colleges-depts/liberal-arts-sciences/blst/ba/">BA with a Major in Black Studies</a></li>
<li><a href="/ucat/colleges-depts/liberal-arts-sciences/chem/ba-chem/">BA with a Major in Chemistry</a></li>
<li><a href="/ucat/colleges-depts/liberal-arts-sciences/cl/ba/">BA with a Major in Classical Studies</a></li>
<li><a href="/ucat/colleges-depts/liberal-arts-sciences/comm/ba/">BA with a Major in Communication</a></li>
<li><a href="/ucat/colleges-depts/liberal-arts-sciences/clj/ba-clj/">BA with a Major in Criminology, Law, and Justice</a></li>
<li><a href="/ucat/colleges-depts/liberal-arts-sciences/econ/ba/">BA with a Major in Economics</a></li>
<li><a href="/ucat/colleges-depts/liberal-arts-sciences/engl/ba-engl/">BA with a Major in English</a></li>
<li><a href="/ucat/colleges-depts/liberal-arts-sciences/fr/ba-fr/">BA with a Major in French and Francophone Studies</a></li>
<li><a href="/ucat/colleges-depts/liberal-arts-sciences/gws/ba/">BA with a Major in Gender and Women’s Studies</a></li>
<li><a href="/ucat/colleges-depts/liberal-arts-sciences/ger/ba-ger/">BA with a Major in Germanic Studies</a></li>
<li><a href="/ucat/colleges-depts/liberal-arts-sciences/ger/ba-ger-minor-bus/">BA with a Major in Germanic Studies with a Business Minor</a></li>
<li><a href="/ucat/colleges-depts/liberal-arts-sciences/hist/ba-hist/">BA with a Major in History</a></li>
<li><a href="/ucat/colleges-depts/liberal-arts-sciences/hisp-ital/ba-ital/">BA with a Major in Italian</a></li>
<li><a href="/ucat/colleges-depts/liberal-arts-sciences/lals/ba/">BA with a Major in Latin American and Latino Studies</a></li>
<li><a href="/ucat/colleges-depts/liberal-arts-sciences/liberal-studies/ba/">BA with a Major in Liberal Studies</a></li>
<li><a href="/ucat/colleges-depts/liberal-arts-sciences/phil/ba/">BA with a Major in Philosophy</a></li>
<li><a href="/ucat/colleges-depts/liberal-arts-sciences/phys/ba-phys/">BA with a Major in Physics</a></li>
<li><a href="/ucat/colleges-depts/liberal-arts-sciences/slav/ba-polish-russian-cees/">BA with a Major in Polish, Russian, and Central and Eastern European Studies</a></li>
<li><a href="/ucat/colleges-depts/liberal-arts-sciences/pols/ba-pols/">BA with a Major in Political Science</a></li>
<li><a href="/ucat/colleges-depts/liberal-arts-sciences/pols/ba-pols-lc-conc/">BA with a Major in Political Science, Concentration in Law and Courts</a></li>
<li><a href="/ucat/colleges-depts/liberal-arts-sciences/pols/ba-pols-up-conc/">BA with a Major in Political Science, Concentration in Urban Politics</a></li>
<li><a href="/ucat/colleges-depts/liberal-arts-sciences/soc/ba/">BA with a Major in Sociology</a></li>
<li><a href="/ucat/colleges-depts/liberal-arts-sciences/hisp-ital/ba-span/">BA with a Major in Spanish</a></li>
<li><a href="/ucat/colleges-depts/architecture-design-arts/des/bdes-gd/">BDes in Graphic Design</a></li>
<li><a href="/ucat/colleges-depts/architecture-design-arts/des/bdes-id/">BDes in Industrial Design</a></li>
<li><a href="/ucat/colleges-depts/architecture-design-arts/thtr-mus/bfa-act/">BFA in Acting</a></li>
<li><a href="/ucat/colleges-depts/architecture-design-arts/art-ah/bfa-art/">BFA in Art</a></li>
<li><a href="/ucat/colleges-depts/architecture-design-arts/art-ah/bfa-art-ed/">BFA in Art Education</a></li>
<li><a href="/ucat/colleges-depts/liberal-arts-sciences/biochem/">Biochemistry</a></li>
<li><a href="/all-course-descriptions/bcmg/">Biochemistry and Molecular Genetics (BCMG)</a></li>
<li><a href="/ucat/course-descriptions/bcmg/">Biochemistry and Molecular Genetics (BCMG)</a></li>
<li><a href="/all-course-descriptions/bioe/">Bioengineering (BIOE)</a></li>
<li><a href="/ucat/course-descriptions/bioe/">Bioengineering (BIOE)</a></li>
<li><a href="/all-course-descriptions/bios/">Biological Sciences (BIOS)</a></li>
<li><a href="/ucat/course-descriptions/bios/">Biological Sciences (BIOS)</a></li>
<li><a href="/all-course-descriptions/bhis/">Biomedical and Health Information Sciences (BHIS)</a></li>
<li><a href="/ucat/course-descriptions/bhis/">Biomedical and Health Information Sciences (BHIS)</a></li>
<li><a href="/all-course-descriptions/bme/">Biomedical Engineering (BME)</a></li>
<li><a href="/ucat/course-descriptions/bme/">Biomedical Engineering (BME)</a></li>
<li><a href="/all-course-descriptions/bvis/">Biomedical Visualization (BVIS)</a></li>
<li><a href="/all-course-descriptions/bps/">Biopharmaceutical Sciences (BPS)</a></li>
<li><a href="/ucat/course-descriptions/bps/">Biopharmaceutical Sciences (BPS)</a></li>
<li><a href="/all-course-descriptions/bstt/">Biostatistics (BSTT)</a></li>
<li><a href="/ucat/course-descriptions/bstt/">Biostatistics (BSTT)</a></li>
<li><a href="/all-course-descriptions/blst/">Black Studies (BLST)</a></li>
<li><a href="/ucat/course-descriptions/blst/">Black Studies (BLST)</a></li>
<li><a href="/ucat/colleges-depts/architecture-design-arts/thtr-mus/bmus-jazz/">BMus in Jazz Studies</a></li>
<li><a href="/ucat/colleges-depts/architecture-design-arts/thtr-mus/bmus-perf/">BMus in Performance</a></li>
<li><a href="/ucat/colleges-depts/business-administration/actg/bs/">BS in Accounting</a></li>
<li><a href="/ucat/colleges-depts/architecture-design-arts/arch/bs-arch/">BS in Architecture</a></li>
<li><a href="/ucat/colleges-depts/liberal-arts-sciences/biochem/bs/">BS in Biochemistry</a></li>
<li><a href="/ucat/colleges-depts/engineering/bioe/bs/">BS in Biomedical Engineering</a></li>
<li><a href="/ucat/colleges-depts/engineering/che/bs-che/">BS in Chemical Engineering</a></li>
<li><a href="/ucat/colleges-depts/liberal-arts-sciences/chem/bs-chem/">BS in Chemistry</a></li>
<li><a href="/ucat/colleges-depts/engineering/cme/bs-cive/">BS in Civil Engineering</a></li>
<li><a href="/ucat/colleges-depts/engineering/ece/bs-ce/">BS in Computer Engineering</a></li>
<li><a href="/ucat/colleges-depts/engineering/cs/bs-cs/">BS in Computer Science</a></li>
<li><a href="/ucat/colleges-depts/engineering/cs/bs-cs-design/">BS in Computer Science and Design</a></li>
<li><a href="/ucat/colleges-depts/liberal-arts-sciences/ling/cs-linguistics/">BS in Computer Science and Linguistics</a></li>
<li><a href="/ucat/colleges-depts/engineering/cs/bs-cs-com-syst-conc/">BS in Computer Science with Computer Systems Concentration</a></li>
<li><a href="/ucat/colleges-depts/engineering/cs/bs-cs-hcc-conc/">BS in Computer Science with Human-Centered Computing Concentration</a></li>
<li><a href="/ucat/colleges-depts/engineering/cs/bs-cs-se-conc/">BS in Computer Science with Software Engineering Concentration</a></li>
<li><a href="/ucat/colleges-depts/engineering/cs/bs-data-science-bioinformatics/">BS in Data Science with a Bioinformatics Concentration</a></li>
<li><a href="/ucat/colleges-depts/engineering/cs/bs-data-science-business-analytics/">BS in Data Science with a Business Analytics Concentration</a></li>
<li><a href="/ucat/colleges-depts/engineering/cs/bs-data-science-computer-science/">BS in Data Science with a Computer Science Concentration</a></li>
<li><a href="/ucat/colleges-depts/engineering/cs/bs-data-science-data-processing-science-engineering/">BS in Data Science with a Data Processing, Science, and Engineering Concentration</a></li>
<li><a href="/ucat/colleges-depts/engineering/cs/bs-data-science-health-data-science/">BS in Data Science with a Health Data Science Concentration</a></li>
<li><a href="/ucat/colleges-depts/engineering/cs/bs-data-science-industrial-engineering/">BS in Data Science with an Industrial Engineering Concentration</a></li>
<li><a href="/ucat/colleges-depts/engineering/cs/bs-data-science-social-technology-studies/">BS in Data Science with a Social Technology Studies Concentration</a></li>
<li><a href="/ucat/colleges-depts/engineering/cs/bs-data-science-statistics/">BS in Data Science with a Statistics Concentration</a></li>
<li><a href="/ucat/colleges-depts/engineering/cs/bs-data-science-urban-planning-policy-adminstration/">BS in Data Science with a Urban Planning and Policy Administration Concentration</a></li>
<li><a href="/ucat/colleges-depts/applied-health-sciences/dhd/bs/">BS in Disability and Human Development</a></li>
<li><a href="/ucat/colleges-depts/engineering/ece/bs-ee/">BS in Electrical Engineering</a></li>
<li><a href="/ucat/colleges-depts/engineering/mie/bs-ie-mgmt/">BS in Engineering Management</a></li>
<li><a href="/ucat/colleges-depts/engineering/ece/bs-eng-phys/">BS in Engineering Physics</a></li>
<li><a href="/ucat/colleges-depts/business-administration/mgmt/bs-entr/">BS in Entrepreneurship</a></li>
<li><a href="/ucat/colleges-depts/business-administration/fin/bs/">BS in Finance</a></li>
<li><a href="/ucat/colleges-depts/applied-health-sciences/bhis/bs/">BS in Health Information Management</a></li>
<li><a href="/ucat/colleges-depts/business-administration/mgmt/bs-human-resource-management/">BS in Human Resource Management</a></li>
<li><a href="/ucat/colleges-depts/engineering/mie/bs-ie/">BS in Industrial Engineering</a></li>
<li><a href="/ucat/colleges-depts/business-administration/ids/bs/">BS in Information and Decision Sciences</a></li>
<li><a href="/ucat/colleges-depts/applied-health-sciences/kn/bs-kn/">BS in Kinesiology</a></li>
<li><a href="/ucat/colleges-depts/business-administration/mgmt/bs-mgmt/">BS in Management</a></li>
<li><a href="/ucat/colleges-depts/business-administration/marketing/bs/">BS in Marketing</a></li>
<li><a href="/ucat/colleges-depts/engineering/mie/bs-me/">BS in Mechanical Engineering</a></li>
<li><a href="/ucat/colleges-depts/liberal-arts-sciences/neus/bs/">BS in Neuroscience</a></li>
<li><a href="/ucat/colleges-depts/nursing/bs-nursing/">BS in Nursing</a></li>
<li><a href="/ucat/colleges-depts/applied-health-sciences/kn/bs-nutr-cp-conc/">BS in Nutrition, Coordinated Program</a></li>
<li><a href="/ucat/colleges-depts/applied-health-sciences/kn/bs-nutr-nsc-conc/">BS in Nutrition, Nutrition Science Concentration</a></li>
<li><a href="/ucat/colleges-depts/liberal-arts-sciences/phys/bs-phys/">BS in Physics</a></li>
<li><a href="/ucat/colleges-depts/public-health/bs-pubh/">BS in Public Health</a></li>
<li><a href="/ucat/colleges-depts/applied-health-sciences/rs/bs/">BS in Rehabilitation Sciences</a></li>
<li><a href="/ucat/colleges-depts/liberal-arts-sciences/mscs/bs-teach-math/">BS in the Teaching of Mathematics</a></li>
<li><a href="/ucat/colleges-depts/liberal-arts-sciences/phys/bs-teach-phys/">BS in the Teaching of Physics</a></li>
<li><a href="/ucat/colleges-depts/liberal-arts-sciences/bios/bs-eeeb/">BS with a Major in Biological Sciences—Evolution, Ecology, and Environmental Biology Concentration </a></li>
<li><a href="/ucat/colleges-depts/liberal-arts-sciences/bios/bs-generalbiology/">BS with a Major in Biological Sciences—General Biology Concentration </a></li>
<li><a href="/ucat/colleges-depts/liberal-arts-sciences/bios/bs-mcob/">BS with a Major in Biological Sciences—Molecular, Cellular, and Organismal Biology Concentration </a></li>
<li><a href="/ucat/colleges-depts/liberal-arts-sciences/eaes/bs/">BS with a Major in Earth and Environmental Sciences</a></li>
<li><a href="/ucat/colleges-depts/liberal-arts-sciences/ihs/bs-bh-conc/">BS with a Major in Integrated Health Studies—Concentration in Behaviorial Health</a></li>
<li><a href="/ucat/colleges-depts/liberal-arts-sciences/ihs/bs-hs-conc/">BS with a Major in Integrated Health Studies—Concentration in Health and Science </a></li>
<li><a href="/ucat/colleges-depts/liberal-arts-sciences/mscs/bs-math/">BS with a Major in Mathematics</a></li>
<li><a href="/ucat/colleges-depts/liberal-arts-sciences/mscs/bs-math-cs/">BS with a Major in Mathematics and Computer Science</a></li>
<li><a href="/ucat/colleges-depts/liberal-arts-sciences/psych/bs-psychology/">BS with a Major in Psychology</a></li>
<li><a href="/ucat/colleges-depts/liberal-arts-sciences/mscs/bs-stat/">BS with a Major in Statistics</a></li>
<li><a href="/all-course-descriptions/ba/">Business Administration (BA)</a></li>
<li><a href="/ucat/course-descriptions/ba/">Business Administration (BA)</a></li>
</ul>
<h2 class="letternav-head" id='C'><a name='C'>C</a></h2>
<ul>
<li><a href="/all-course-descriptions/cc/">Campus Courses (CC)</a></li>
<li><a href="/ucat/course-descriptions/cc/">Campus Courses (CC)</a></li>
<li><a href="/all-course-descriptions/cst/">Catholic Studies (CST)</a></li>
<li><a href="/ucat/course-descriptions/cst/">Catholic Studies (CST)</a></li>
<li><a href="/all-course-descriptions/cees/">Central and Eastern European Studies (CEES)</a></li>
<li><a href="/ucat/course-descriptions/cees/">Central and Eastern European Studies (CEES)</a></li>
<li><a href="/ucat/colleges-depts/liberal-arts-sciences/ger/certificate-german/">Certificate in German Language</a></li>
<li><a href="/ucat/colleges-depts/liberal-arts-sciences/anth/certificate-medical-humanities/">Certificate in Medical Humanities</a></li>
<li><a href="/ucat/colleges-depts/liberal-arts-sciences/slav/certificate-polish/">Certificate in Polish Language</a></li>
<li><a href="/ucat/colleges-depts/liberal-arts-sciences/slav/certificate-russian/">Certificate in Russian Language</a></li>
<li><a href="/all-course-descriptions/che/">Chemical Engineering (CHE)</a></li>
<li><a href="/ucat/course-descriptions/che/">Chemical Engineering (CHE)</a></li>
<li><a href="/all-course-descriptions/chem/">Chemistry (CHEM)</a></li>
<li><a href="/ucat/course-descriptions/chem/">Chemistry (CHEM)</a></li>
<li><a href="/all-course-descriptions/chin/">Chinese (CHIN)</a></li>
<li><a href="/ucat/course-descriptions/chin/">Chinese (CHIN)</a></li>
<li><a href="/all-course-descriptions/cd/">City Design (CD)</a></li>
<li><a href="/all-course-descriptions/cme/">Civil, Materials, and Environmental Engineering (CME)</a></li>
<li><a href="/ucat/course-descriptions/cme/">Civil, Materials, and Environmental Engineering (CME)</a></li>
<li><a href="/all-course-descriptions/cl/">Classics (CL)</a></li>
<li><a href="/ucat/course-descriptions/cl/">Classics (CL)</a></li>
<li><a href="/all-course-descriptions/cele/">Clerkship Electives - Chicago (CELE)</a></li>
<li><a href="/all-course-descriptions/pele/">Clerkship Electives - Peoria (PELE)</a></li>
<li><a href="/all-course-descriptions/rele/">Clerkship Electives - Rockford (RELE)</a></li>
<li><a href="/all-course-descriptions/uele/">Clerkship Electives - Urbana (UELE)</a></li>
<li><a href="/all-course-descriptions/cler/">Clerkship - Medicine (CLER)</a></li>
<li><a href="/ucat/colleges-depts/applied-health-sciences/">College of Applied Health Sciences</a></li>
<li><a href="/ucat/colleges-depts/architecture-design-arts/">College of Architecture, Design, and the Arts</a></li>
<li><a href="/ucat/colleges-depts/business-administration/">College of Business Administration</a></li>
<li><a href="/ucat/colleges-depts/education/">College of Education</a></li>
<li><a href="/ucat/colleges-depts/engineering/">College of Engineering</a></li>
<li><a href="/ucat/colleges-depts/liberal-arts-sciences/">College of Liberal Arts and Sciences</a></li>
<li><a href="/ucat/colleges-depts/nursing/">College of Nursing</a></li>
<li><a href="/ucat/colleges-depts/pharmacy/">College of Pharmacy</a></li>
<li><a href="/ucat/colleges-depts/urban-planning-public-affairs/">College of Urban Planning and Public Affairs</a></li>
<li><a href="/ucat/colleges-depts/">Colleges & Departments</a></li>
<li><a href="/all-course-descriptions/comm/">Communication (COMM)</a></li>
<li><a href="/ucat/course-descriptions/comm/">Communication (COMM)</a></li>
<li><a href="/all-course-descriptions/chsc/">Community Health Sciences (CHSC)</a></li>
<li><a href="/ucat/course-descriptions/chsc/">Community Health Sciences (CHSC)</a></li>
<li><a href="/all-course-descriptions/cs/">Computer Science (CS)</a></li>
<li><a href="/ucat/course-descriptions/cs/">Computer Science (CS)</a></li>
<li><a href="/ucat/colleges-depts/council-teacher-education/">Council on Teacher Education</a></li>
<li><a href="/all-course-descriptions/clj/">Criminology, Law, and Justice (CLJ)</a></li>
<li><a href="/ucat/course-descriptions/clj/">Criminology, Law, and Justice (CLJ)</a></li>
<li><a href="/all-course-descriptions/ci/">Curriculum and Instruction (CI)</a></li>
<li><a href="/ucat/course-descriptions/ci/">Curriculum and Instruction (CI)</a></li>
</ul>
<h2 class="letternav-head" id='D'><a name='D'>D</a></h2>
<ul>
<li><a href="/ucat/degree-programs/degree-minors/">Degree Program, Minor, and Certificate List</a></li>
<li><a href="/ucat/degree-programs/">Degree Programs and Requirements</a></li>
<li><a href="/all-course-descriptions/dadm/">Dental Administration (DADM)</a></li>
<li><a href="/all-course-descriptions/dbsc/">Dental Behavioral Science (DBSC)</a></li>
<li><a href="/all-course-descriptions/daob/">Dentistry - Applied Oral and Behavioral Sciences (DAOB)</a></li>
<li><a href="/all-course-descriptions/dbcs/">Dentistry - Biomedical and Clinical Sciences (DBCS)</a></li>
<li><a href="/all-course-descriptions/dcle/">Dentistry - Community Learning Experience (DCLE)</a></li>
<li><a href="/all-course-descriptions/dosi/">Dentistry - Oral/Systemic Issues (DOSI)</a></li>
<li><a href="/all-course-descriptions/dost/">Dentistry - Oral/Systemic Topics (DOST)</a></li>
<li><a href="/ucat/colleges-depts/business-administration/actg/">Department of Accounting</a></li>
<li><a href="/ucat/colleges-depts/liberal-arts-sciences/anth/">Department of Anthropology</a></li>
<li><a href="/ucat/colleges-depts/liberal-arts-sciences/bios/">Department of Biological Sciences</a></li>
<li><a href="/ucat/colleges-depts/applied-health-sciences/bhis/">Department of Biomedical and Health Information Sciences</a></li>
<li><a href="/ucat/colleges-depts/liberal-arts-sciences/blst/">Department of Black Studies</a></li>
<li><a href="/ucat/colleges-depts/engineering/che/">Department of Chemical Engineering</a></li>
<li><a href="/ucat/colleges-depts/liberal-arts-sciences/chem/">Department of Chemistry</a></li>
<li><a href="/ucat/colleges-depts/engineering/cme/">Department of Civil, Materials, and Environmental Engineering</a></li>
<li><a href="/ucat/colleges-depts/liberal-arts-sciences/cl/">Department of Classics and Mediterranean Studies</a></li>
<li><a href="/ucat/colleges-depts/liberal-arts-sciences/comm/">Department of Communication</a></li>
<li><a href="/ucat/colleges-depts/engineering/cs/">Department of Computer Science</a></li>
<li><a href="/ucat/colleges-depts/liberal-arts-sciences/clj/">Department of Criminology, Law, and Justice</a></li>
<li><a href="/ucat/colleges-depts/education/ci/">Department of Curriculum and Instruction</a></li>
<li><a href="/ucat/colleges-depts/applied-health-sciences/dhd/">Department of Disability and Human Development</a></li>
<li><a href="/ucat/colleges-depts/liberal-arts-sciences/eaes/">Department of Earth and Environmental Sciences</a></li>
<li><a href="/ucat/colleges-depts/liberal-arts-sciences/econ/">Department of Economics</a></li>
<li><a href="/ucat/colleges-depts/education/epsy/">Department of Educational Psychology</a></li>
<li><a href="/ucat/colleges-depts/engineering/ece/">Department of Electrical and Computer Engineering</a></li>
<li><a href="/ucat/colleges-depts/liberal-arts-sciences/engl/">Department of English</a></li>
<li><a href="/ucat/colleges-depts/business-administration/fin/">Department of Finance</a></li>
<li><a href="/ucat/colleges-depts/liberal-arts-sciences/fr/">Department of French and Francophone Studies</a></li>
<li><a href="/ucat/colleges-depts/liberal-arts-sciences/ger/">Department of Germanic Studies</a></li>
<li><a href="/ucat/colleges-depts/liberal-arts-sciences/hisp-ital/">Department of Hispanic and Italian Studies</a></li>
<li><a href="/ucat/colleges-depts/liberal-arts-sciences/hist/">Department of History</a></li>
<li><a href="/ucat/colleges-depts/business-administration/ids/">Department of Information and Decision Sciences (IDS)</a></li>
<li><a href="/ucat/colleges-depts/applied-health-sciences/kn/">Department of Kinesiology and Nutrition</a></li>
<li><a href="/ucat/colleges-depts/liberal-arts-sciences/ling/">Department of Linguistics</a></li>
<li><a href="/ucat/colleges-depts/business-administration/mgmt/">Department of Managerial Studies</a></li>
<li><a href="/ucat/colleges-depts/business-administration/marketing/">Department of Marketing</a></li>
<li><a href="/ucat/colleges-depts/liberal-arts-sciences/mscs/">Department of Mathematics, Statistics, and Computer Science</a></li>
<li><a href="/ucat/colleges-depts/engineering/mie/">Department of Mechanical and Industrial Engineering</a></li>
<li><a href="/ucat/colleges-depts/liberal-arts-sciences/phil/">Department of Philosophy</a></li>
<li><a href="/ucat/colleges-depts/liberal-arts-sciences/phys/">Department of Physics</a></li>
<li><a href="/ucat/colleges-depts/liberal-arts-sciences/slav/">Department of Polish, Russian, and Lithuanian Studies</a></li>
<li><a href="/ucat/colleges-depts/liberal-arts-sciences/pols/">Department of Political Science</a></li>
<li><a href="/ucat/colleges-depts/liberal-arts-sciences/psych/">Department of Psychology</a></li>
<li><a href="/ucat/colleges-depts/urban-planning-public-affairs/pa/">Department of Public Administration</a></li>
<li><a href="/ucat/colleges-depts/liberal-arts-sciences/soc/">Department of Sociology</a></li>
<li><a href="/ucat/colleges-depts/urban-planning-public-affairs/upp/">Department of Urban Planning and Policy</a></li>
<li><a href="/all-course-descriptions/des/">Design (DES)</a></li>
<li><a href="/ucat/course-descriptions/des/">Design (DES)</a></li>
<li><a href="/all-course-descriptions/dlg/">Dialogue (DLG)</a></li>
<li><a href="/ucat/course-descriptions/dlg/">Dialogue (DLG)</a></li>
<li><a href="/all-course-descriptions/dhd/">Disability and Human Development (DHD)</a></li>
<li><a href="/ucat/course-descriptions/dhd/">Disability and Human Development (DHD)</a></li>
<li><a href="/all-course-descriptions/mdc/">Doctor of Medicine—Chicago (MDC)</a></li>
<li><a href="/all-course-descriptions/mdp/">Doctor of Medicine—Peoria (MDP)</a></li>
<li><a href="/all-course-descriptions/mdr/">Doctor of Medicine—Rockford (MDR)</a></li>
<li><a href="/ucat/colleges-depts/pharmacy/pharmd/">Doctor of Pharmacy</a></li>
</ul>
<h2 class="letternav-head" id='E'><a name='E'>E</a></h2>
<ul>
<li><a href="/all-course-descriptions/eaes/">Earth and Environmental Sciences (EAES)</a></li>
<li><a href="/ucat/course-descriptions/eaes/">Earth and Environmental Sciences (EAES)</a></li>
<li><a href="/all-course-descriptions/econ/">Economics (ECON)</a></li>
<li><a href="/ucat/course-descriptions/econ/">Economics (ECON)</a></li>
<li><a href="/all-course-descriptions/edps/">Educational Policy Studies (EDPS)</a></li>
<li><a href="/ucat/course-descriptions/edps/">Educational Policy Studies (EDPS)</a></li>
<li><a href="/all-course-descriptions/epsy/">Educational Psychology (EPSY)</a></li>
<li><a href="/ucat/course-descriptions/epsy/">Educational Psychology (EPSY)</a></li>
<li><a href="/all-course-descriptions/ed/">Education (ED)</a></li>
<li><a href="/ucat/course-descriptions/ed/">Education (ED)</a></li>
<li><a href="/all-course-descriptions/ece/">Electrical and Computer Engineering (ECE)</a></li>
<li><a href="/ucat/course-descriptions/ece/">Electrical and Computer Engineering (ECE)</a></li>
<li><a href="/all-course-descriptions/eb/">Employee Benefits (EB)</a></li>
<li><a href="/all-course-descriptions/endo/">Endodontics (ENDO)</a></li>
<li><a href="/all-course-descriptions/ener/">Energy Engineering (ENER)</a></li>
<li><a href="/all-course-descriptions/engr/">Engineering (ENGR)</a></li>
<li><a href="/ucat/course-descriptions/engr/">Engineering (ENGR)</a></li>
<li><a href="/all-course-descriptions/esl/">English as a Second Language (ESL)</a></li>
<li><a href="/all-course-descriptions/engl/">English (ENGL)</a></li>
<li><a href="/ucat/course-descriptions/engl/">English (ENGL)</a></li>
<li><a href="/all-course-descriptions/elsi/">English Language and Support for Internationals (ELSI)</a></li>
<li><a href="/ucat/course-descriptions/elsi/">English Language and Support for Internationals (ELSI)</a></li>
<li><a href="/all-course-descriptions/entr/">Entrepreneurship (ENTR)</a></li>
<li><a href="/ucat/course-descriptions/entr/">Entrepreneurship (ENTR)</a></li>
<li><a href="/all-course-descriptions/eohs/">Environmental and Occupational Health Sciences (EOHS)</a></li>
<li><a href="/all-course-descriptions/epid/">Epidemiology (EPID)</a></li>
<li><a href="/all-course-descriptions/epl/">Estate Planning (EPL)</a></li>
</ul>
<h2 class="letternav-head" id='F'><a name='F'>F</a></h2>
<ul>
<li><a href="/ucat/the-university/faculty/">Faculty List</a></li>
<li><a href="/all-course-descriptions/fin/">Finance (FIN)</a></li>
<li><a href="/ucat/course-descriptions/fin/">Finance (FIN)</a></li>
<li><a href="/ucat/admissions-registration-finances/financial-aid/">Financial Aid</a></li>
<li><a href="/all-course-descriptions/fr/">French (FR)</a></li>
<li><a href="/ucat/course-descriptions/fr/">French (FR)</a></li>
</ul>
<h2 class="letternav-head" id='G'><a name='G'>G</a></h2>
<ul>
<li><a href="/all-course-descriptions/gws/">Gender and Women's Studies (GWS)</a></li>
<li><a href="/ucat/course-descriptions/gws/">Gender and Women's Studies (GWS)</a></li>
<li><a href="/ucat/colleges-depts/liberal-arts-sciences/gws/">Gender and Women's Studies Program</a></li>
<li><a href="/ucat/degree-programs/general-education/">General Education</a></li>
<li><a href="/all-course-descriptions/geog/">Geography (GEOG)</a></li>
<li><a href="/ucat/course-descriptions/geog/">Geography (GEOG)</a></li>
<li><a href="/all-course-descriptions/ger/">Germanic Studies (GER)</a></li>
<li><a href="/ucat/course-descriptions/ger/">Germanic Studies (GER)</a></li>
<li><a href="/ucat/colleges-depts/liberal-arts-sciences/glas/">Global Asian Studies</a></li>
<li><a href="/all-course-descriptions/glas/">Global Asian Studies (GLAS)</a></li>
<li><a href="/ucat/course-descriptions/glas/">Global Asian Studies (GLAS)</a></li>
<li><a href="/all-course-descriptions/gc/">Graduate College (GC)</a></li>
<li><a href="/all-course-descriptions/gcls/">Graduate College Life Sciences (GCLS)</a></li>
<li><a href="/all-course-descriptions/gems/">Graduate Education in Medical Sciences (GEMS)</a></li>
<li><a href="/all-course-descriptions/gka/">Greek, Ancient (GKA)</a></li>
<li><a href="/ucat/course-descriptions/gka/">Greek, Ancient (GKA)</a></li>
<li><a href="/all-course-descriptions/gkm/">Greek, Modern (GKM)</a></li>
<li><a href="/ucat/course-descriptions/gkm/">Greek, Modern (GKM)</a></li>
<li><a href="/all-course-descriptions/gamd/">Guaranteed Admissions Medicine (GAMD)</a></li>
<li><a href="/ucat/course-descriptions/gamd/">Guaranteed Admissions Medicine (GAMD)</a></li>
</ul>
<h2 class="letternav-head" id='H'><a name='H'>H</a></h2>
<ul>
<li><a href="/all-course-descriptions/him/">Health Information Management (HIM)</a></li>
<li><a href="/ucat/course-descriptions/him/">Health Information Management (HIM)</a></li>
<li><a href="/all-course-descriptions/hpa/">Health Policy and Administration (HPA)</a></li>
<li><a href="/all-course-descriptions/hlp/">Healthy Living Practitioner™ (HLP)</a></li>
<li><a href="/all-course-descriptions/heb/">Hebrew (HEB)</a></li>
<li><a href="/ucat/course-descriptions/heb/">Hebrew (HEB)</a></li>
<li><a href="/all-course-descriptions/hnur/">Hindi-Urdu (HNUR)</a></li>
<li><a href="/ucat/course-descriptions/hnur/">Hindi-Urdu (HNUR)</a></li>
<li><a href="/all-course-descriptions/hstl/">Histology (HSTL)</a></li>
<li><a href="/all-course-descriptions/hist/">History (HIST)</a></li>
<li><a href="/ucat/course-descriptions/hist/">History (HIST)</a></li>
<li><a href="/ucat/colleges-depts/honors-college/">Honors College</a></li>
<li><a href="/ucat/course-descriptions/hon/">Honors College Courses (HON)</a></li>
<li><a href="/all-course-descriptions/hon/">Honors College (HON)</a></li>
<li><a href="/all-course-descriptions/hum/">Humanities (HUM)</a></li>
<li><a href="/ucat/course-descriptions/hum/">Humanities (HUM)</a></li>
<li><a href="/all-course-descriptions/hn/">Human Nutrition (HN)</a></li>
<li><a href="/ucat/course-descriptions/hn/">Human Nutrition (HN)</a></li>
</ul>
<h2 class="letternav-head" id='I'><a name='I'>I</a></h2>
<ul>
<li><a href="/all-course-descriptions/ie/">Industrial Engineering (IE)</a></li>
<li><a href="/ucat/course-descriptions/ie/">Industrial Engineering (IE)</a></li>
<li><a href="/all-course-descriptions/ids/">Information and Decision Sciences (IDS)</a></li>
<li><a href="/ucat/course-descriptions/ids/">Information and Decision Sciences (IDS)</a></li>
<li><a href="/all-course-descriptions/it/">Information Technology (IT)</a></li>
<li><a href="/ucat/course-descriptions/it/">Information Technology (IT)</a></li>
<li><a href="/ucat/colleges-depts/liberal-arts-sciences/ihs/">Integrated Health Studies</a></li>
<li><a href="/all-course-descriptions/ip/">Intellectual Property (IP)</a></li>
<li><a href="/all-course-descriptions/idea/">Interdisciplinary Education in the Arts (IDEA)</a></li>
<li><a href="/ucat/course-descriptions/idea/">Interdisciplinary Education in the Arts (IDEA)</a></li>
<li><a href="/all-course-descriptions/iphs/">Interdisciplinary Public Health Sciences (IPHS)</a></li>
<li><a href="/ucat/course-descriptions/iphs/">Interdisciplinary Public Health Sciences (IPHS)</a></li>
<li><a href="/all-course-descriptions/isa/">Interdisciplinary Studies in the Arts (ISA)</a></li>
<li><a href="/ucat/course-descriptions/isa/">Interdisciplinary Studies in the Arts (ISA)</a></li>
<li><a href="/all-course-descriptions/ibt/">International Business and Trade (IBT)</a></li>
<li><a href="/ucat/colleges-depts/liberal-arts-sciences/inst/">International Studies</a></li>
<li><a href="/all-course-descriptions/inst/">International Studies (INST)</a></li>
<li><a href="/ucat/course-descriptions/inst/">International Studies (INST)</a></li>
<li><a href="/all-course-descriptions/ital/">Italian (ITAL)</a></li>
<li><a href="/ucat/course-descriptions/ital/">Italian (ITAL)</a></li>
</ul>
<h2 class="letternav-head" id='J'><a name='J'>J</a></h2>
<ul>
<li><a href="/all-course-descriptions/jpn/">Japanese (JPN)</a></li>
<li><a href="/ucat/course-descriptions/jpn/">Japanese (JPN)</a></li>
<li><a href="/all-course-descriptions/jst/">Jewish Studies (JST)</a></li>
<li><a href="/ucat/course-descriptions/jst/">Jewish Studies (JST)</a></li>
<li><a href="/ucat/colleges-depts/engineering/che/bs-ms-chemical-engineering/">Joint BS in Chemical Engineering/MS in Chemical Engineering</a></li>
<li><a href="/ucat/colleges-depts/engineering/cs/joint-bs-ms/">Joint BS in Computer Science/MS in Computer Science</a></li>
<li><a href="/ucat/colleges-depts/urban-planning-public-affairs/pa/joint-degrees/">Joint Degrees</a></li>
<li><a href="/ucat/colleges-depts/urban-planning-public-affairs/upp/joint-degrees/">Joint Degrees</a></li>
<li><a href="/all-course-descriptions/jd/">Juris Doctor (JD)</a></li>
</ul>
<h2 class="letternav-head" id='K'><a name='K'>K</a></h2>
<ul>
<li><a href="/all-course-descriptions/kn/">Kinesiology (KN)</a></li>
<li><a href="/ucat/course-descriptions/kn/">Kinesiology (KN)</a></li>
<li><a href="/all-course-descriptions/kor/">Korean (KOR)</a></li>
<li><a href="/ucat/course-descriptions/kor/">Korean (KOR)</a></li>
</ul>
<h2 class="letternav-head" id='L'><a name='L'>L</a></h2>
<ul>
<li><a href="/all-course-descriptions/lals/">Latin American and Latino Studies (LALS)</a></li>
<li><a href="/ucat/course-descriptions/lals/">Latin American and Latino Studies (LALS)</a></li>
<li><a href="/ucat/colleges-depts/liberal-arts-sciences/lals/">Latin American and Latino Studies Program</a></li>
<li><a href="/all-course-descriptions/lat/">Latin (LAT)</a></li>
<li><a href="/ucat/course-descriptions/lat/">Latin (LAT)</a></li>
<li><a href="/all-course-descriptions/law/">Law (LAW)</a></li>
<li><a href="/all-course-descriptions/lrsc/">Learning Sciences (LRSC)</a></li>
<li><a href="/all-course-descriptions/las/">Liberal Arts and Sciences (LAS)</a></li>
<li><a href="/ucat/course-descriptions/las/">Liberal Arts and Sciences (LAS)</a></li>
<li><a href="/ucat/colleges-depts/liberal-arts-sciences/liberal-studies/">Liberal Studies</a></li>
<li><a href="/all-course-descriptions/lib/">Library and Information Science (LIB)</a></li>
<li><a href="/ucat/course-descriptions/lib/">Library and Information Science (LIB)</a></li>
<li><a href="/all-course-descriptions/ling/">Linguistics (LING)</a></li>
<li><a href="/ucat/course-descriptions/ling/">Linguistics (LING)</a></li>
<li><a href="/all-course-descriptions/lcsl/">Literatures, Cultural Studies, and Linguistics (LCSL)</a></li>
<li><a href="/ucat/course-descriptions/lcsl/">Literatures, Cultural Studies, and Linguistics (LCSL)</a></li>
<li><a href="/all-course-descriptions/lith/">Lithuanian (LITH)</a></li>
<li><a href="/ucat/course-descriptions/lith/">Lithuanian (LITH)</a></li>
</ul>
<h2 class="letternav-head" id='M'><a name='M'>M</a></h2>
<ul>
<li><a href="/all-course-descriptions/mgmt/">Management (MGMT)</a></li>
<li><a href="/ucat/course-descriptions/mgmt/">Management (MGMT)</a></li>
<li><a href="/all-course-descriptions/mktg/">Marketing (MKTG)</a></li>
<li><a href="/ucat/course-descriptions/mktg/">Marketing (MKTG)</a></li>
<li><a href="/all-course-descriptions/mba/">Master of Business Administration (MBA)</a></li>
<li><a href="/all-course-descriptions/meng/">Master of Engineering (MENG)</a></li>
<li><a href="/ucat/course-descriptions/meng/">Master of Engineering (MENG)</a></li>
<li><a href="/all-course-descriptions/mj/">Master of Jurisprudence (MJ)</a></li>
<li><a href="/all-course-descriptions/mcs/">Mathematical Computer Science (MCS)</a></li>
<li><a href="/ucat/course-descriptions/mcs/">Mathematical Computer Science (MCS)</a></li>
<li><a href="/all-course-descriptions/math/">Mathematics (MATH)</a></li>
<li><a href="/ucat/course-descriptions/math/">Mathematics (MATH)</a></li>
<li><a href="/all-course-descriptions/mtht/">Mathematics Teaching (MTHT)</a></li>
<li><a href="/ucat/course-descriptions/mtht/">Mathematics Teaching (MTHT)</a></li>
<li><a href="/all-course-descriptions/me/">Mechanical Engineering (ME)</a></li>
<li><a href="/ucat/course-descriptions/me/">Mechanical Engineering (ME)</a></li>
<li><a href="/all-course-descriptions/mbt/">Medical Biotechnology (MBT)</a></li>
<li><a href="/all-course-descriptions/mhpe/">Medical Education (MHPE)</a></li>
<li><a href="/all-course-descriptions/mhum/">Medical Humanities (MHUM)</a></li>
<li><a href="/all-course-descriptions/pmmp/">Medicinal Chemistry and Pharmacognosy (PMMP)</a></li>
<li><a href="/ucat/course-descriptions/pmmp/">Medicinal Chemistry and Pharmacognosy (PMMP)</a></li>
<li><a href="/all-course-descriptions/mdch/">Medicinal Chemistry (MDCH)</a></li>
<li><a href="/all-course-descriptions/mim/">Microbiology and Immunology (MIM)</a></li>
<li><a href="/ucat/course-descriptions/mim/">Microbiology and Immunology (MIM)</a></li>
<li><a href="/all-course-descriptions/mils/">Military Science (MILS)</a></li>
<li><a href="/ucat/course-descriptions/mils/">Military Science (MILS)</a></li>
<li><a href="/ucat/colleges-depts/liberal-arts-sciences/anth/minor-anth/">Minor in Anthropology</a></li>
<li><a href="/ucat/colleges-depts/liberal-arts-sciences/cl/minor-arab/">Minor in Arabic</a></li>
<li><a href="/ucat/colleges-depts/architecture-design-arts/arch/minor-arch/">Minor in Architectural Studies</a></li>
<li><a href="/ucat/colleges-depts/architecture-design-arts/art-ah/minor-art/">Minor in Art</a></li>
<li><a href="/ucat/colleges-depts/architecture-design-arts/art-ah/minor-ah/">Minor in Art History</a></li>
<li><a href="/ucat/colleges-depts/liberal-arts-sciences/bios/minor/">Minor in Biological Sciences</a></li>
<li><a href="/ucat/colleges-depts/engineering/bioe/minor/">Minor in Biomedical Engineering</a></li>
<li><a href="/ucat/colleges-depts/liberal-arts-sciences/blst/minor-blst/">Minor in Black Studies</a></li>
<li><a href="/ucat/colleges-depts/business-administration/minors/minor-bus-adm/">Minor in Business Administration</a></li>
<li><a href="/ucat/colleges-depts/business-administration/minors/minor-bus-anal/">Minor in Business Analytics</a></li>
<li><a href="/ucat/colleges-depts/liberal-arts-sciences/slav/minor-cees/">Minor in Central and Eastern European Studies</a></li>
<li><a href="/ucat/colleges-depts/engineering/che/minor-che/">Minor in Chemical Engineering</a></li>
<li><a href="/ucat/colleges-depts/liberal-arts-sciences/chem/minor-chem/">Minor in Chemistry</a></li>
<li><a href="/ucat/colleges-depts/liberal-arts-sciences/ling/minor-chin/">Minor in Chinese</a></li>
<li><a href="/ucat/colleges-depts/urban-planning-public-affairs/pa/minor-civic-analytics/">Minor in Civic Analytics</a></li>
<li><a href="/ucat/colleges-depts/engineering/cme/minor-cive/">Minor in Civil Engineering</a></li>
<li><a href="/ucat/colleges-depts/liberal-arts-sciences/cl/minor/">Minor in Classical Studies</a></li>
<li><a href="/ucat/colleges-depts/liberal-arts-sciences/comm/minor/">Minor in Communication</a></li>
<li><a href="/ucat/colleges-depts/engineering/ece/minor-ce/">Minor in Computer Engineering</a></li>
<li><a href="/ucat/colleges-depts/engineering/cs/minor-cs/">Minor in Computer Science</a></li>
<li><a href="/ucat/colleges-depts/liberal-arts-sciences/clj/minor-clj/">Minor in Criminology, Law, and Justice</a></li>
<li><a href="/ucat/colleges-depts/applied-health-sciences/dhd/minor/">Minor in Disability and Human Development</a></li>
<li><a href="/ucat/colleges-depts/liberal-arts-sciences/eaes/minor/">Minor in Earth and Environmental Sciences</a></li>
<li><a href="/ucat/colleges-depts/liberal-arts-sciences/econ/minor-econ/">Minor in Economics</a></li>
<li><a href="/ucat/colleges-depts/education/minor-education/">Minor in Education</a></li>
<li><a href="/ucat/colleges-depts/engineering/ece/minor-ee/">Minor in Electrical Engineering</a></li>
<li><a href="/ucat/colleges-depts/liberal-arts-sciences/engl/minor-engl/">Minor in English</a></li>
<li><a href="/ucat/colleges-depts/business-administration/minors/minor-entr/">Minor in Entrepreneurship</a></li>
<li><a href="/ucat/colleges-depts/engineering/cme/minor-environmental-engineering/">Minor in Environmental Engineering</a></li>
<li><a href="/ucat/colleges-depts/business-administration/minors/minor-fin/">Minor in Finance</a></li>
<li><a href="/ucat/colleges-depts/applied-health-sciences/kn/minor-food-science/">Minor in Food Science</a></li>
<li><a href="/ucat/colleges-depts/liberal-arts-sciences/fr/minor-fr/">Minor in French and Francophone Studies</a></li>
<li><a href="/ucat/colleges-depts/liberal-arts-sciences/gws/minor/">Minor in Gender and Women's Studies</a></li>
<li><a href="/ucat/colleges-depts/urban-planning-public-affairs/upp/minor-gis/">Minor in Geographic Information Systems</a></li>
<li><a href="/ucat/colleges-depts/liberal-arts-sciences/ger/minor-ger/">Minor in Germanic Studies</a></li>
<li><a href="/ucat/colleges-depts/liberal-arts-sciences/glas/minor-glas/">Minor in Global Asian Studies</a></li>
<li><a href="/ucat/colleges-depts/liberal-arts-sciences/hist/minor-hist/">Minor in History</a></li>
<li><a href="/ucat/colleges-depts/business-administration/minors/minor-human-resource-management/">Minor in Human Resource Management</a></li>
<li><a href="/ucat/colleges-depts/engineering/mie/minor-ie/">Minor in Industrial Engineering</a></li>
<li><a href="/ucat/colleges-depts/engineering/cs/minor-it/">Minor in Information Technology</a></li>
<li><a href="/ucat/colleges-depts/education/epsy/minor-idt/">Minor in Instructional Design and Training</a></li>
<li><a href="/ucat/colleges-depts/business-administration/minors/minor-int-bus/">Minor in International Business</a></li>
<li><a href="/ucat/colleges-depts/engineering/addl-interdisciplinary-opps/minor-inst/">Minor in International Studies</a></li>
<li><a href="/ucat/colleges-depts/liberal-arts-sciences/inst/minor/">Minor in International Studies</a></li>
<li><a href="/ucat/colleges-depts/liberal-arts-sciences/hisp-ital/minor-ital/">Minor in Italian and Italian American Studies</a></li>
<li><a href="/ucat/colleges-depts/applied-health-sciences/kn/minor-kn/">Minor in Kinesiology</a></li>
<li><a href="/ucat/colleges-depts/liberal-arts-sciences/lals/minor/">Minor in Latin American and Latino Studies</a></li>
<li><a href="/ucat/colleges-depts/liberal-arts-sciences/clj/minor-ls/">Minor in Law and Society</a></li>
<li><a href="/ucat/colleges-depts/business-administration/minors/minor-leadership/">Minor in Leadership</a></li>
<li><a href="/ucat/colleges-depts/applied-health-sciences/bhis/lsv-minor/">Minor in Life Science Visualization</a></li>
<li><a href="/ucat/colleges-depts/liberal-arts-sciences/ling/minor-ling/">Minor in Linguistics</a></li>
<li><a href="/ucat/colleges-depts/business-administration/minors/minor-mis/">Minor in Management Information Systems</a></li>
<li><a href="/ucat/colleges-depts/engineering/cme/minor-materials-engineering/">Minor in Materials Engineering</a></li>
<li><a href="/ucat/colleges-depts/liberal-arts-sciences/mscs/minor-math/">Minor in Mathematics</a></li>
<li><a href="/ucat/colleges-depts/liberal-arts-sciences/mscs/minor-math-cs/">Minor in Mathematics and Computer Science</a></li>
<li><a href="/ucat/colleges-depts/engineering/mie/minor-me/">Minor in Mechanical Engineering</a></li>
<li><a href="/ucat/colleges-depts/liberal-arts-sciences/movi/minor/">Minor in Moving Image Arts</a></li>
<li><a href="/ucat/colleges-depts/architecture-design-arts/art-ah/minor-mes/">Minor in Museum and Exhibition Studies</a></li>
<li><a href="/ucat/colleges-depts/architecture-design-arts/thtr-mus/minor-mus/">Minor in Music</a></li>
<li><a href="/ucat/colleges-depts/urban-planning-public-affairs/pa/minor-nonprofit-management/">Minor in Nonprofit Management</a></li>
<li><a href="/ucat/colleges-depts/applied-health-sciences/kn/mino-nutr/">Minor in Nutrition</a></li>
<li><a href="/ucat/colleges-depts/liberal-arts-sciences/phil/minor/">Minor in Philosophy</a></li>
<li><a href="/ucat/colleges-depts/liberal-arts-sciences/phys/minor-phys/">Minor in Physics</a></li>
<li><a href="/ucat/colleges-depts/liberal-arts-sciences/slav/minor-pol/">Minor in Polish Studies</a></li>
<li><a href="/ucat/colleges-depts/liberal-arts-sciences/pols/minor-pols/">Minor in Political Science</a></li>
<li><a href="/ucat/colleges-depts/liberal-arts-sciences/engl/minor-prof-writing/">Minor in Professional Writing</a></li>
<li><a href="/ucat/colleges-depts/liberal-arts-sciences/psych/minor-psych/">Minor in Psychology</a></li>
<li><a href="/ucat/colleges-depts/public-health/minor-pubh/">Minor in Public Health</a></li>
<li><a href="/ucat/colleges-depts/urban-planning-public-affairs/pa/minor-pp/">Minor in Public Policy</a></li>
<li><a href="/ucat/colleges-depts/business-administration/minors/minor-real-estate/">Minor in Real Estate</a></li>
<li><a href="/ucat/colleges-depts/liberal-arts-sciences/rels/minor/">Minor in Religious Studies</a></li>
<li><a href="/ucat/colleges-depts/liberal-arts-sciences/slav/minor-russ/">Minor in Russian Studies</a></li>
<li><a href="/ucat/colleges-depts/liberal-arts-sciences/gws/minor-sj/">Minor in Social Justice</a></li>
<li><a href="/ucat/colleges-depts/liberal-arts-sciences/soc/minor/">Minor in Sociology</a></li>
<li><a href="/ucat/colleges-depts/liberal-arts-sciences/hisp-ital/minor-span/">Minor in Spanish</a></li>
<li><a href="/ucat/colleges-depts/liberal-arts-sciences/hisp-ital/minor-spanish-for-professions/">Minor in Spanish for the Professions</a></li>
<li><a href="/ucat/colleges-depts/business-administration/minors/minor-bus-oper/">Minor in Supply Chain and Operations Management</a></li>
<li><a href="/ucat/colleges-depts/urban-planning-public-affairs/upp/minor-sc/">Minor in Sustainable Cities</a></li>
<li><a href="/ucat/colleges-depts/architecture-design-arts/thtr-mus/minor-thtr/">Minor in Theatre</a></li>
<li><a href="/ucat/colleges-depts/liberal-arts-sciences/engl/minor-teach-engl/">Minor in the Teaching of English</a></li>
<li><a href="/ucat/colleges-depts/liberal-arts-sciences/phys/minor-teaching-phys/">Minor in the Teaching of Physics</a></li>
<li><a href="/ucat/colleges-depts/urban-planning-public-affairs/upp/minor-upp/">Minor in Urban Studies</a></li>
<li><a href="/ucat/colleges-depts/business-administration/minors/">Minors</a></li>
<li><a href="/ucat/colleges-depts/liberal-arts-sciences/movi/">Moving Image Arts</a></li>
<li><a href="/all-course-descriptions/movi/">Moving Image Arts (MOVI)</a></li>
<li><a href="/ucat/course-descriptions/movi/">Moving Image Arts (MOVI)</a></li>
<li><a href="/all-course-descriptions/muse/">Museum and Exhibition Studies (MUSE)</a></li>
<li><a href="/ucat/course-descriptions/muse/">Museum and Exhibition Studies (MUSE)</a></li>
<li><a href="/all-course-descriptions/mus/">Music (MUS)</a></li>
<li><a href="/ucat/course-descriptions/mus/">Music (MUS)</a></li>
</ul>
<h2 class="letternav-head" id='N'><a name='N'>N</a></h2>
<ul>
<li><a href="/all-course-descriptions/nast/">Native American Studies (NAST)</a></li>
<li><a href="/ucat/course-descriptions/nast/">Native American Studies (NAST)</a></li>
<li><a href="/all-course-descriptions/nats/">Natural Sciences (NATS)</a></li>
<li><a href="/ucat/course-descriptions/nats/">Natural Sciences (NATS)</a></li>
<li><a href="/all-course-descriptions/ns/">Naval Science (NS)</a></li>
<li><a href="/ucat/course-descriptions/ns/">Naval Science (NS)</a></li>
<li><a href="/ucat/colleges-depts/liberal-arts-sciences/neus/">Neuroscience</a></li>
<li><a href="/all-course-descriptions/neus/">Neuroscience (NEUS)</a></li>
<li><a href="/ucat/course-descriptions/neus/">Neuroscience (NEUS)</a></li>
<li><a href="/all-course-descriptions/nurs/">Nursing Core (NURS)</a></li>
<li><a href="/ucat/course-descriptions/nurs/">Nursing Core (NURS)</a></li>
<li><a href="/all-course-descriptions/nuel/">Nursing Elective (NUEL)</a></li>
<li><a href="/ucat/course-descriptions/nuel/">Nursing Elective (NUEL)</a></li>
<li><a href="/all-course-descriptions/nupr/">Nursing Practicum (NUPR)</a></li>
<li><a href="/all-course-descriptions/nusp/">Nursing Specialty (NUSP)</a></li>
</ul>
<h2 class="letternav-head" id='O'><a name='O'>O</a></h2>
<ul>
<li><a href="/all-course-descriptions/ot/">Occupational Therapy (OT)</a></li>
<li><a href="/ucat/course-descriptions/ot/">Occupational Therapy (OT)</a></li>
<li><a href="/all-course-descriptions/orla/">Oral Anatomy (ORLA)</a></li>
<li><a href="/all-course-descriptions/osur/">Oral and Maxillofacial Surgery (OSUR)</a></li>
<li><a href="/all-course-descriptions/omds/">Oral Medicine and Diagnostic Sciences (OMDS)</a></li>
<li><a href="/all-course-descriptions/osci/">Oral Sciences (OSCI)</a></li>
<li><a href="/all-course-descriptions/ortd/">Orthodontics (ORTD)</a></li>
</ul>
<h2 class="letternav-head" id='P'><a name='P'>P</a></h2>
<ul>
<li><a href="/all-course-descriptions/path/">Pathology (PATH)</a></li>
<li><a href="/ucat/course-descriptions/path/">Pathology (PATH)</a></li>
<li><a href="/all-course-descriptions/psl/">Patient Safety Leadership (PSL)</a></li>
<li><a href="/all-course-descriptions/pedd/">Pediatric Dentistry (PEDD)</a></li>
<li><a href="/all-course-descriptions/peri/">Periodontics (PERI)</a></li>
<li><a href="/all-course-descriptions/psci/">Pharmaceutical Sciences (PSCI)</a></li>
<li><a href="/all-course-descriptions/pmpg/">Pharmacognosy (PMPG)</a></li>
<li><a href="/all-course-descriptions/pcol/">Pharmacology (PCOL)</a></li>
<li><a href="/ucat/course-descriptions/pcol/">Pharmacology (PCOL)</a></li>
<li><a href="/all-course-descriptions/phar/">Pharmacy (PHAR)</a></li>
<li><a href="/ucat/course-descriptions/phar/">Pharmacy (PHAR)</a></li>
<li><a href="/all-course-descriptions/pmpr/">Pharmacy Practice (PMPR)</a></li>
<li><a href="/ucat/course-descriptions/pmpr/">Pharmacy Practice (PMPR)</a></li>
<li><a href="/all-course-descriptions/psop/">Pharmacy Systems, Outcomes, and Policy (PSOP)</a></li>
<li><a href="/ucat/course-descriptions/psop/">Pharmacy Systems, Outcomes, and Policy (PSOP)</a></li>
<li><a href="/all-course-descriptions/phil/">Philosophy (PHIL)</a></li>
<li><a href="/ucat/course-descriptions/phil/">Philosophy (PHIL)</a></li>
<li><a href="/all-course-descriptions/pt/">Physical Therapy (PT)</a></li>
<li><a href="/ucat/course-descriptions/pt/">Physical Therapy (PT)</a></li>
<li><a href="/all-course-descriptions/phys/">Physics (PHYS)</a></li>
<li><a href="/ucat/course-descriptions/phys/">Physics (PHYS)</a></li>
<li><a href="/all-course-descriptions/phyb/">Physiology and Biophysics (PHYB)</a></li>
<li><a href="/ucat/course-descriptions/phyb/">Physiology and Biophysics (PHYB)</a></li>
<li><a href="/all-course-descriptions/pol/">Polish (POL)</a></li>
<li><a href="/ucat/course-descriptions/pol/">Polish (POL)</a></li>
<li><a href="/all-course-descriptions/pols/">Political Science (POLS)</a></li>
<li><a href="/ucat/course-descriptions/pols/">Political Science (POLS)</a></li>
<li><a href="/all-course-descriptions/port/">Portuguese (PORT)</a></li>
<li><a href="/ucat/course-descriptions/port/">Portuguese (PORT)</a></li>
<li><a href="/all-course-descriptions/prcl/">Preclinical Medicine (PRCL)</a></li>
<li><a href="/ucat/colleges-depts/liberal-arts-sciences/preprofessional-studies/pre-dent/">Pre-Dentistry</a></li>
<li><a href="/ucat/colleges-depts/liberal-arts-sciences/preprofessional-studies/pre-him/">Pre-Health Information Management</a></li>
<li><a href="/ucat/colleges-depts/liberal-arts-sciences/preprofessional-studies/pre-law/">Pre-Law</a></li>
<li><a href="/ucat/colleges-depts/liberal-arts-sciences/preprofessional-studies/pre-med/">Pre-Medicine</a></li>
<li><a href="/ucat/colleges-depts/liberal-arts-sciences/preprofessional-studies/pre-nurs/">Pre-Nursing</a></li>
<li><a href="/ucat/colleges-depts/liberal-arts-sciences/preprofessional-studies/pre-nut/">Pre-Nutrition</a></li>
<li><a href="/ucat/colleges-depts/liberal-arts-sciences/preprofessional-studies/pre-ot/">Pre-Occupational Therapy</a></li>
<li><a href="/ucat/colleges-depts/liberal-arts-sciences/preprofessional-studies/pre-pharm/">Pre-Pharmacy</a></li>
<li><a href="/ucat/colleges-depts/liberal-arts-sciences/preprofessional-studies/pre-pt/">Pre-Physical Therapy</a></li>
<li><a href="/ucat/colleges-depts/applied-health-sciences/preprofessional-studies/">Preprofessional Studies</a></li>
<li><a href="/ucat/colleges-depts/liberal-arts-sciences/preprofessional-studies/">Preprofessional Studies</a></li>
<li><a href="/ucat/colleges-depts/public-health/preprofessional-studies/">Preprofessional Studies</a></li>
<li><a href="/ucat/colleges-depts/liberal-arts-sciences/preprofessional-studies/pre-pubh/">Pre-Public Health</a></li>
<li><a href="/ucat/colleges-depts/liberal-arts-sciences/preprofessional-studies/pre-vet-med/">Pre-Veterinary Medicine</a></li>
<li><a href="/all-course-descriptions/ptl/">Privacy and Technology Law (PTL)</a></li>
<li><a href="/ucat/degree-programs/program-updates/">Program Changes and Updates</a></li>
<li><a href="/all-course-descriptions/pros/">Prosthodontics (PROS)</a></li>
<li><a href="/all-course-descriptions/psch/">Psychology (PSCH)</a></li>
<li><a href="/ucat/course-descriptions/psch/">Psychology (PSCH)</a></li>
<li><a href="/all-course-descriptions/pa/">Public Administration (PA)</a></li>
<li><a href="/ucat/course-descriptions/pa/">Public Administration (PA)</a></li>
<li><a href="/all-course-descriptions/pubh/">Public Health (PUBH)</a></li>
<li><a href="/ucat/course-descriptions/pubh/">Public Health (PUBH)</a></li>
<li><a href="/all-course-descriptions/ppa/">Public Policy Analysis (PPA)</a></li>
<li><a href="/ucat/course-descriptions/ppa/">Public Policy Analysis (PPA)</a></li>
<li><a href="/all-course-descriptions/ppol/">Public Policy (PPOL)</a></li>
<li><a href="/ucat/course-descriptions/ppol/">Public Policy (PPOL)</a></li>
</ul>
<h2 class="letternav-head" id='R'><a name='R'>R</a></h2>
<ul>
<li><a href="/all-course-descriptions/re/">Real Estate (RE)</a></li>
<li><a href="/all-course-descriptions/res/">Real Estate Studies (RES)</a></li>
<li><a href="/ucat/course-descriptions/res/">Real Estate Studies (RES)</a></li>
<li><a href="/ucat/admissions-registration-finances/registering-enrolling/">Registering and Enrolling in Courses</a></li>
<li><a href="/ucat/colleges-depts/applied-health-sciences/rs/">Rehabilitation Sciences</a></li>
<li><a href="/ucat/colleges-depts/liberal-arts-sciences/rels/">Religious Studies</a></li>
<li><a href="/all-course-descriptions/rels/">Religious Studies (RELS)</a></li>
<li><a href="/ucat/course-descriptions/rels/">Religious Studies (RELS)</a></li>
<li><a href="/all-course-descriptions/rest/">Restorative Dentistry (REST)</a></li>
<li><a href="/ucat/colleges-depts/engineering/bioe/">Richard and Loan Hill Department of Biomedical Engineering</a></li>
<li><a href="/ucat/colleges-depts/nursing/rn-bsn/">RN to BSN Completion Program</a></li>
<li><a href="/all-course-descriptions/russ/">Russian (RUSS)</a></li>
<li><a href="/ucat/course-descriptions/russ/">Russian (RUSS)</a></li>
</ul>
<h2 class="letternav-head" id='S'><a name='S'>S</a></h2>
<ul>
<li><a href="/ucat/colleges-depts/architecture-design-arts/arch/">School of Architecture</a></li>
<li><a href="/ucat/colleges-depts/architecture-design-arts/art-ah/">School of Art & Art History</a></li>
<li><a href="/ucat/colleges-depts/architecture-design-arts/des/">School of Design</a></li>
<li><a href="/ucat/colleges-depts/liberal-arts-sciences/lcsl/">School of Literatures, Cultural Studies, and Linguistics</a></li>
<li><a href="/ucat/colleges-depts/public-health/">School of Public Health</a></li>
<li><a href="/ucat/colleges-depts/architecture-design-arts/thtr-mus/">School of Theatre & Music</a></li>
<li><a href="/all-course-descriptions/slav/">Slavic and Baltic Languages and Literatures (SLAV)</a></li>
<li><a href="/ucat/course-descriptions/slav/">Slavic and Baltic Languages and Literatures (SLAV)</a></li>
<li><a href="/all-course-descriptions/sj/">Social Justice (SJ)</a></li>
<li><a href="/ucat/course-descriptions/sj/">Social Justice (SJ)</a></li>
<li><a href="/all-course-descriptions/socw/">Social Work (SOCW)</a></li>
<li><a href="/all-course-descriptions/soc/">Sociology (SOC)</a></li>
<li><a href="/ucat/course-descriptions/soc/">Sociology (SOC)</a></li>
<li><a href="/all-course-descriptions/span/">Spanish (SPAN)</a></li>
<li><a href="/ucat/course-descriptions/span/">Spanish (SPAN)</a></li>
<li><a href="/all-course-descriptions/sped/">Special Education (SPED)</a></li>
<li><a href="/ucat/course-descriptions/sped/">Special Education (SPED)</a></li>
<li><a href="/all-course-descriptions/spec/">Specialty Medicine (SPEC)</a></li>
<li><a href="/all-course-descriptions/stat/">Statistics (STAT)</a></li>
<li><a href="/ucat/course-descriptions/stat/">Statistics (STAT)</a></li>
<li><a href="/ucat/admissions-registration-finances/student-tuition-fees/">Student Tuition, Fees, and Assessments</a></li>
<li><a href="/all-course-descriptions/sabr/">Study Abroad (SABR)</a></li>
<li><a href="/ucat/course-descriptions/sabr/">Study Abroad (SABR)</a></li>
<li><a href="/all-course-descriptions/surg/">Surgery (SURG)</a></li>
</ul>
<h2 class="letternav-head" id='T'><a name='T'>T</a></h2>
<ul>
<li><a href="/all-course-descriptions/tx/">Taxation (TX)</a></li>
<li><a href="/all-course-descriptions/thtr/">Theatre (THTR)</a></li>
<li><a href="/ucat/course-descriptions/thtr/">Theatre (THTR)</a></li>
<li><a href="/ucat/the-university/savvy-students-guide/">The Savvy Student's Guide to UIC</a></li>
<li><a href="/ucat/the-university/">The University</a></li>
<li><a href="/all-course-descriptions/tadr/">Trial Advocacy and Dispute Resolution (TADR)</a></li>
</ul>
<h2 class="letternav-head" id='U'><a name='U'>U</a></h2>
<ul>
<li><a href="/ucat/course-descriptions/">Undergraduate Course Descriptions</a></li>
<li><a href="/ucat/degree-programs/univ-degree-requirements-graduation/">University Degree Requirements, Graduation, and Commencement</a></li>
<li><a href="/all-course-descriptions/upa/">Urban and Public Affairs (UPA)</a></li>
<li><a href="/ucat/course-descriptions/upa/">Urban and Public Affairs (UPA)</a></li>
<li><a href="/all-course-descriptions/upp/">Urban Planning and Policy (UPP)</a></li>
<li><a href="/ucat/course-descriptions/upp/">Urban Planning and Policy (UPP)</a></li>
<li><a href="/all-course-descriptions/us/">Urban Studies (US)</a></li>
<li><a href="/ucat/course-descriptions/us/">Urban Studies (US)</a></li>
<li><a href="/all-course-descriptions/usl/">US Legal Studies (USL)</a></li>
</ul>
<h2 class="letternav-head" id='W'><a name='W'>W</a></h2>
<ul>
<li><a href="/ucat/the-university/uic-welcome/">Welcome to UIC</a></li>
</ul>
</div>
</div><!--end #textcontainer -->



            </div> <!-- end #content -->
        </div><!--end #content-col -->
    </div><!-- end #container -->
</div><!-- end #wrapper --> 

<div id="footer" class="clearfix" role="contentinfo">
    <div class="wrap">
        <div id="foot-logo">
            <a href="/">University of Illinois at Chicago</a>
        </div><!-- end #foot-logo -->
        
        <p><a href="http://admissions.uic.edu/apply-now">Apply Online</a> | <a href="http://admissions.uic.edu/contact-admissions">Contact Admissions</a> | <a href="https://www.vpaa.uillinois.edu/resources/web_privacy">Privacy Statement</a><br />
        Having problems accessing this site? <a href="mailto:ccmelby@uic.edu">Contact the Webmaster</a>.<br />
        &copy; 2021-2023 The Board of Trustees of the University of Illinois</p>
    </div>
</div><!-- end #footer -->

<a href="#header" id="totop">Back to Top</a>

<div id="print-dialog" aria-labeledby="dialog-title" class="screen" role="dialog">
	<div class="print-header">
		<h2 id="dialog-title">Print Options</h2>
	</div>
	<div class="print-body">
		<div class="print-option">
			<div class="option-head">
				<a href="#" onclick="hidePrintDialog();window.print();return false">Send Page to Printer</a>
			</div>
			<p>
				<em>Print this page.</em>
			</p>
		</div>
    </div>
	<div class="buttons clearfix">
		<div class="cancel">
			<a href="#" onclick="hidePrintDialog(); return false;">Cancel</a>
		</div>
	</div>
</div>

</body>
</html>
